Cat,Profile,h,b,tw,tf,r,m,P,A,Iy,iy,Wely,Wply,Iz,iz,Welz,Wplz,IT,WT,Iw,Ww
IPE,IPE80,80,46,3.8,5.2,5,6,0.328,764,801400,32.4,20030,23220,84890,10.5,3691,5818,6727,1770,115100000,135200
IPE,IPE100,100,55,4.1,5.7,7,8.1,0.4,1032,1710000,40.7,34200,39410,159200,12.4,5789,9146,11530,2812,342100000,266800
IPE,IPE120,120,64,4.4,6.3,7,10.4,0.475,1321,3178000,49,52960,60730,276700,14.5,8646,13580,16890,3839,872000000,483400
IPE,IPE140,140,73,4.7,6.9,7,12.9,0.551,1643,5412000,57.4,77320,88340,449200,16.5,12310,19250,24010,5109,1951000000,808200
IPE,IPE160,160,82,5,7.4,9,15.8,0.623,2009,8693000,65.8,108700,123900,683100,18.4,16660,26100,35300,7060,3889000000,1252000
IPE,IPE180,180,91,5.3,8,9,18.8,0.698,2395,13170000,74.2,146300,166400,1009000,20.5,22160,34600,47230,8911,7322000000,1882000
IPE,IPE200,200,100,5.6,8.5,12,22.4,0.768,2848,19430000,82.6,194300,220600,1424000,22.4,28470,44610,68460,12220,12746000000,2683000
IPE,IPE220,220,110,5.9,9.2,12,26.2,0.848,3337,27720000,91.1,252000,285400,2049000,24.8,37250,58110,89820,15220,22310000000,3874000
IPE,IPE240,240,120,6.2,9.8,15,30.7,0.922,3912,38920000,99.7,324300,366600,2836000,26.9,47270,73920,127400,20550,36680000000,5354000
IPE,IPE270,270,135,6.6,10.2,15,36.1,1.041,4595,57900000,112.3,428900,484000,4199000,30.2,62200,96950,157100,23800,69469000000,7974000
IPE,IPE300,300,150,7.1,10.7,15,42.2,1.16,5381,83560000,124.6,557100,628400,6038000,33.5,80500,125200,197500,27820,1.2426E+11,11520000
IPE,IPE330,330,160,7.5,11.5,18,49.1,1.254,6261,117700000,137.1,713100,804300,7881000,35.5,98520,153700,275900,36790,1.9609E+11,15490000
IPE,IPE360,360,170,8,12.7,18,57.1,1.353,7273,162700000,149.5,903600,1019000,10430000,37.9,122800,191100,370800,46350,3.0937E+11,21070000
IPE,IPE400,400,180,8.6,13.5,21,66.3,1.467,8446,231300000,165.5,1156000,1307000,13180000,39.5,146400,229000,504100,58620,4.8289E+11,27930000
IPE,IPE450,450,190,9.4,14.6,21,77.6,1.605,9882,337400000,184.8,1500000,1702000,16760000,41.2,176400,276400,660500,70270,7.8097E+11,37970000
IPE,IPE500,500,200,10.2,16,21,90.7,1.744,11552,482000000,204.3,1928000,2194000,21420000,43.1,214200,335900,886200,86880,1.2354E+12,51280000
IPE,IPE550,550,210,11.1,17.2,24,105.5,1.877,13442,671200000,223.5,2441000,2787000,26680000,44.5,254100,400500,1217000,109600,1.8615E+12,66890000
IPE,IPE600,600,220,12,19,24,122.4,2.015,15598,920800000,243,3069000,3512000,33870000,46.6,307900,485600,1646000,137200,2.8147E+12,88510000
HEA,HEA100,96,100,5,8,12,16.7,0.561,2124,3492000,40.6,72760,83010,1338000,25.1,26760,41140,51990,10400,2475000000,1143000
HEA,HEA120,114,120,5,8,12,19.9,0.677,2534,6062000,48.9,106300,119500,2309000,30.2,38480,58850,59570,11910,6285000000,1998000
HEA,HEA140,133,140,5.5,8.5,12,24.7,0.794,3142,10330000,57.3,155400,173500,3893000,35.2,55620,84850,80320,14600,14729000000,3409000
HEA,HEA160,152,160,6,9,15,30.4,0.906,3877,16730000,65.7,220100,245100,6156000,39.8,76950,117600,118400,19730,30615000000,5404000
HEA,HEA180,171,180,6,9.5,15,35.5,1.024,4525,25100000,74.5,293600,324900,9246000,45.2,102700,156500,146600,24430,59014000000,8182000
HEA,HEA200,190,200,6.5,10,18,42.3,1.136,5383,36920000,82.8,388600,429500,13360000,49.8,133600,203800,204300,31430,1.0558E+11,11830000
HEA,HEA220,210,220,7,11,18,50.5,1.255,6434,54100000,91.7,515200,568500,19550000,55.1,177700,270600,280900,40130,1.8961E+11,17440000
HEA,HEA240,230,240,7.5,12,21,60.3,1.369,7684,77630000,100.5,675100,744600,27690000,60,230700,351700,410300,54710,3.2164E+11,24780000
HEA,HEA260,250,260,7.5,12.5,24,68.2,1.484,8682,104500000,109.7,836400,919800,36680000,65,282100,430200,520000,69330,5.0499E+11,32980000
HEA,HEA280,270,280,8,13,24,76.4,1.603,9726,136700000,118.6,1013000,1112000,47630000,70,340200,518100,613900,76740,7.7014E+11,43120000
HEA,HEA300,290,300,8.5,14,27,88.3,1.717,11253,182600000,127.4,1260000,1383000,63100000,74.9,420600,641200,842400,99110,1.1747E+12,57190000
HEA,HEA320,310,300,9,15.5,27,97.6,1.756,12437,229300000,135.8,1479000,1628000,69850000,74.9,465700,709700,1088000,120900,1.4826E+12,67640000
HEA,HEA340,330,300,9.5,16.5,27,104.8,1.795,13347,276900000,144,1678000,1850000,74360000,74.6,495700,755900,1287000,135500,1.7902E+12,76670000
HEA,HEA360,350,300,10,17.5,27,112.1,1.834,14276,330900000,152.2,1891000,2088000,78870000,74.3,525800,802300,1510000,151000,2.1377E+12,86300000
HEA,HEA400,390,300,11,19,27,124.8,1.912,15898,450700000,168.4,2311000,2562000,85640000,73.4,570900,872900,1914000,174000,2.8936E+12,104700000
HEA,HEA450,440,300,11.5,21,27,139.8,2.011,17803,637200000,189.2,2896000,3216000,94650000,72.9,631000,965500,2491000,216600,4.0872E+12,130800000
HEA,HEA500,490,300,12,23,27,155.1,2.11,19754,869700000,209.8,3550000,3949000,103700000,72.4,691100,1059000,3177000,264800,5.5692E+12,159800000
HEA,HEA550,540,300,12.5,24,27,166.2,2.209,21176,1119000000,229.9,4146000,4622000,108200000,71.5,721300,1107000,3606000,288500,7.1031E+12,184400000
HEA,HEA600,590,300,13,25,27,177.8,2.308,22646,1412000000,249.7,4787000,5350000,112700000,70.5,751400,1156000,4075000,313500,8.8796E+12,210500000
HEA,HEA650,640,300,13.5,26,27,189.7,2.407,24164,1752000000,269.3,5474000,6136000,117200000,69.7,781600,1205000,4586000,339700,1.0915E+13,238000000
HEA,HEA700,690,300,14.5,27,27,204.5,2.505,26048,2153000000,287.5,6241000,7032000,121800000,68.4,811900,1257000,5228000,360600,1.3223E+13,267000000
HEA,HEA800,790,300,15,28,30,224.4,2.698,28583,3034000000,325.8,7682000,8699000,126400000,66.5,842600,1312000,6096000,406400,1.8113E+13,318200000
HEA,HEA900,890,300,16,30,30,251.6,2.896,32053,4221000000,362.9,9485000,10810000,135500000,65,903200,1414000,7510000,469400,2.4748E+13,385100000
HEA,HEA1000,990,300,16.5,31,30,272.3,3.095,34685,5538000000,399.6,11190000,12820000,140000000,63.5,933600,1470000,8373000,507500,3.1834E+13,444100000
HEB,HEB100,100,100,6,10,12,20.4,0.567,2604,4495000,41.6,89910,104200,1673000,25.3,33450,51420,93090,15520,3233000000,1462000
HEB,HEB120,120,120,6.5,11,12,26.7,0.686,3401,8644000,50.4,144100,165200,3175000,30.6,52920,80970,139400,21450,9125000000,2824000
HEB,HEB140,140,140,7,12,12,33.7,0.805,4296,15090000,59.3,215600,245400,5497000,35.8,78520,119800,202000,28860,21965000000,4948000
HEB,HEB160,160,160,8,13,15,42.6,0.918,5425,24920000,67.8,311500,354000,8892000,40.5,111200,170000,312400,39050,46667000000,8020000
HEB,HEB180,180,180,8.5,14,15,51.2,1.037,6525,38310000,76.6,425700,481400,13630000,45.7,151400,231000,422400,49690,91728000000,12380000
HEB,HEB200,200,200,9,15,18,61.3,1.151,7808,56960000,85.4,569600,642500,20030000,50.7,200300,305800,595900,66210,1.6706E+11,18230000
HEB,HEB220,220,220,9.5,16,18,71.5,1.27,9104,80910000,94.3,735500,827000,28430000,55.9,258500,393900,770200,81070,2.8951E+11,26010000
HEB,HEB240,240,240,10,17,21,83.2,1.384,10599,112600000,103.1,938300,1053000,39230000,60.8,326900,498400,1036000,103600,4.7628E+11,35890000
HEB,HEB260,260,260,10,17.5,24,93,1.499,11844,149200000,112.2,1148000,1283000,51350000,65.8,395000,602200,1257000,125700,7.3628E+11,47140000
HEB,HEB280,280,280,10.5,18,24,103.1,1.618,13136,192700000,121.1,1376000,1534000,65950000,70.9,471000,717600,1453000,138400,1.1072E+12,60840000
HEB,HEB300,300,300,11,19,27,117,1.732,14908,251700000,129.9,1678000,1869000,85630000,75.8,570900,870100,1874000,170400,1.651E+12,79000000
HEB,HEB320,320,300,11.5,20.5,27,126.7,1.771,16134,308200000,138.2,1926000,2149000,92390000,75.7,615900,939100,2292000,199300,2.0262E+12,90900000
HEB,HEB340,340,300,12,21.5,27,134.2,1.81,17090,366600000,146.5,2156000,2408000,96900000,75.3,646000,985700,2620000,218300,2.4056E+12,101500000
HEB,HEB360,360,300,12.5,22.5,27,141.8,1.849,18063,431900000,154.6,2400000,2683000,101400000,74.9,676100,1032000,2979000,238300,2.8293E+12,112600000
HEB,HEB400,400,300,13.5,24,27,155.3,1.927,19778,576800000,170.8,2884000,3232000,108200000,74,721300,1104000,3611000,267500,3.7511E+12,133900000
HEB,HEB450,450,300,14,26,27,171.1,2.026,21798,798900000,191.4,3551000,3982000,117200000,73.3,781400,1198000,4489000,320600,5.1777E+12,163800000
HEB,HEB500,500,300,14.5,28,27,187.3,2.125,23864,1072000000,211.9,4287000,4815000,126200000,72.7,841600,1292000,5499000,379200,6.9207E+12,196600000
HEB,HEB550,550,300,15,29,27,199.4,2.224,25406,1367000000,232,4971000,5591000,130800000,71.7,871800,1341000,6123000,408200,8.7439E+12,224900000
HEB,HEB600,600,300,15.5,30,27,211.9,2.323,26996,1710000000,251.7,5701000,6425000,135300000,70.8,902000,1391000,6796000,438500,1.0838E+13,254700000
HEB,HEB650,650,300,16,31,27,224.8,2.422,28634,2106000000,271.2,6480000,7320000,139800000,69.9,932300,1441000,7520000,470000,1.3219E+13,286000000
HEB,HEB700,700,300,17,32,27,240.5,2.52,30638,2569000000,289.6,7340000,8327000,144400000,68.7,962700,1495000,8417000,495100,1.59E+13,318700000
HEB,HEB800,800,300,17.5,33,30,262.3,2.713,33418,3591000000,327.8,8977000,10230000,149000000,66.8,993600,1553000,9621000,549800,2.1617E+13,377500000
HEB,HEB900,900,300,18.5,35,30,291.5,2.911,37128,4941000000,364.8,10980000,12580000,158200000,65.3,1054000,1658000,11540000,623800,2.9196E+13,451800000
HEB,HEB1000,1000,300,19,36,30,314,3.11,40005,6447000000,401.5,12890000,14860000,162800000,63.8,1085000,1716000,12720000,669500,3.734E+13,518300000
HEM,HEM100,120,106,12,20,12,41.8,0.619,5324,11430000,46.3,190400,235800,3992000,27.4,75310,116300,672800,56070,9430000000,3640000
HEM,HEM120,140,126,12.5,21,12,52.1,0.738,6641,20180000,55.1,288200,350600,7028000,32.5,111600,171600,905300,72420,23887000000,6477000
HEM,HEM140,160,146,13,22,12,63.2,0.857,8056,32910000,63.9,411400,493800,11440000,37.7,156800,240500,1186000,91230,52826000000,10620000
HEM,HEM160,180,166,14,23,15,76.2,0.97,9705,50980000,72.5,566500,674600,17590000,42.6,211900,325500,1608000,114900,1.047E+11,16290000
HEM,HEM180,200,186,14.5,24,15,88.9,1.089,11325,74830000,81.3,748300,883400,25800000,47.7,277400,425200,2014000,138900,1.943E+11,24010000
HEM,HEM200,220,206,15,25,18,103.1,1.203,13128,106400000,90,967400,1135000,36510000,52.7,354500,543200,2581000,172100,3.3687E+11,33930000
HEM,HEM220,240,226,15.5,26,18,117.3,1.322,14944,146000000,98.9,1217000,1419000,50120000,57.9,443500,678600,3136000,202300,5.5955E+11,46750000
HEM,HEM240,270,248,18,32,21,156.7,1.46,19959,242900000,110.3,1799000,2117000,81530000,63.9,657500,1006000,6272000,348400,1.1235E+12,76950000
HEM,HEM260,290,268,18,32.5,24,172.4,1.575,21964,313100000,119.4,2159000,2524000,104500000,69,779700,1192000,7223000,401300,1.684E+12,98650000
HEM,HEM280,310,288,18.5,33,24,188.5,1.694,24016,395500000,128.3,2551000,2966000,131600000,74,914100,1397000,8094000,437500,2.463E+12,124700000
HEM,HEM300,340,310,21,39,27,237.9,1.832,30308,592000000,139.8,3482000,4078000,194000000,80,1252000,1913000,14150000,673800,4.2801E+12,185400000
HEM,HEM320,359,309,21,40,27,245,1.866,31205,681300000,147.8,3796000,4435000,197100000,79.5,1276000,1951000,15100000,719000,4.89E+12,200400000
HEM,HEM340,377,309,21,40,27,247.9,1.902,31583,763700000,155.5,4052000,4718000,197100000,79,1276000,1953000,15160000,721900,5.4633E+12,211800000
HEM,HEM360,395,308,21,40,27,250.3,1.934,31881,848700000,163.2,4297000,4989000,195200000,78.3,1268000,1942000,15170000,722400,6.0093E+12,221800000
HEM,HEM400,432,307,21,40,27,255.7,2.004,32578,1041000000,178.8,4820000,5571000,193400000,77,1260000,1934000,15240000,725700,7.2688E+12,243500000
HEM,HEM450,478,307,21,40,27,263.3,2.096,33544,1315000000,198,5501000,6331000,193400000,75.9,1260000,1939000,15380000,732400,9.0923E+12,272400000
HEM,HEM500,524,306,21,40,27,270.3,2.184,34430,1619000000,216.9,6180000,7094000,191500000,74.6,1252000,1932000,15480000,737100,1.1012E+13,299300000
HEM,HEM550,572,306,21,40,27,278.2,2.28,35438,1980000000,236.4,6923000,7933000,191600000,73.5,1252000,1937000,15630000,744300,1.3323E+13,329300000
HEM,HEM600,620,305,21,40,27,285.5,2.372,36366,2374000000,255.5,7660000,8772000,189800000,72.2,1244000,1930000,15740000,749500,1.57E+13,357000000
HEM,HEM650,668,305,21,40,27,293.4,2.468,37374,2817000000,274.5,8433000,9657000,189800000,71.3,1245000,1936000,15880000,756200,1.8427E+13,386800000
HEM,HEM700,716,304,21,40,27,300.7,2.56,38302,3293000000,293.2,9198000,10540000,188000000,70.1,1237000,1929000,15990000,761400,2.1161E+13,413800000
HEM,HEM800,814,303,21,40,30,317.3,2.746,40427,4426000000,330.9,10870000,12490000,186300000,67.9,1230000,1930000,16630000,791900,2.7472E+13,470800000
HEM,HEM900,910,302,21,40,30,332.5,2.934,42363,5704000000,367,12540000,14440000,184500000,66,1222000,1929000,16890000,804300,3.4419E+13,526200000
HEM,HEM1000,1008,302,21,40,30,348.7,3.13,44421,7223000000,403.2,14330000,16570000,184600000,64.5,1222000,1940000,17190000,818600,4.2665E+13,586000000
UB,UB127x76x13,127,76,4,7.6,8,13,0.537,1652,4734000,53.5,74560,84150,557400,18.4,14670,22580,28500,7125,2000000000,881600
UB,UB152x89x16,152,89,4.5,7.7,8,16,0.638,2032,8343000,64.1,109500,123300,897500,21,20240,31180,35600,7911,4700000000,1465000
UB,UB178x102x19,178,101,4.8,7.9,8,19,0.738,2426,13560000,74.8,152500,171300,1367000,23.7,27020,41590,44100,9188,9900000000,2303000
UB,UB203x102x23,203,102,5.4,9.3,8,23.1,0.79,2940,21050000,84.6,207200,234100,1639000,23.6,32190,49750,70200,13000,15400000000,3121000
UB,UB203x133x25,203,133,5.7,7.8,8,25.1,0.915,3197,23400000,85.6,230300,257700,3076000,31,46190,70940,59600,10460,29400000000,4518000
UB,UB203x133x30,207,134,6.4,9.6,8,30,0.923,3821,28960000,87.1,280000,314400,3847000,31.7,57450,88220,103000,16090,37400000000,5666000
UB,UB254x102x22,254,102,5.7,6.8,8,22,0.89,2802,28410000,100.7,223700,259000,1193000,20.6,23490,37270,41500,7281,18200000000,2899000
UB,UB254x102x25,257,102,6,8.4,8,25.2,0.897,3204,34150000,103.2,265500,305500,1487000,21.5,29180,46010,64200,10700,23000000000,3629000
UB,UB254x102x28,260,102,6.3,10,8,28.3,0.904,3608,40050000,105.4,307600,352800,1785000,22.2,34940,54850,95700,15190,28000000000,4377000
UB,UB254x146x31,251,146,6,8.6,8,31.1,1.062,3968,44130000,105.5,351100,393100,4475000,33.6,61260,94130,85500,14250,66000000000,7442000
UB,UB254x146x37,256,146,6.3,10.9,8,37,1.072,4717,55370000,108.3,432600,483200,5706000,34.8,77960,119400,153000,24290,85700000000,9553000
UB,UB254x146x43,260,147,7.2,12.7,8,43,1.081,5477,65440000,109.3,504100,566300,6774000,35.2,91970,141100,239000,33190,1.03E+11,11330000
UB,UB305x102x25,305,102,5.8,7,8,24.8,0.992,3160,44550000,118.7,292100,342000,1229000,19.7,24200,38810,47700,8224,27300000000,3606000
UB,UB305x102x28,309,102,6,8.8,8,28.2,1,3588,53660000,122.3,347600,402900,1554000,20.8,30530,48450,74000,12330,34900000000,4573000
UB,UB305x102x33,313,102,6.6,10.8,8,32.8,1.009,4183,65010000,124.7,415800,480800,1941000,21.5,37910,60040,122000,18480,44200000000,5719000
UB,UB305x127x37,304,123,7.1,10.7,9,37,1.073,4718,71710000,123.3,471100,539400,3362000,26.7,54490,85410,148000,20850,72500000000,8002000
UB,UB305x127x42,307,124,8,12.1,9,41.9,1.08,5340,81960000,123.9,533600,613500,3888000,27,62550,98410,211000,26380,84600000000,9226000
UB,UB305x127x48,311,125,9,14,9,48.1,1.09,6123,95750000,125,615700,710700,4610000,27.4,73590,116100,318000,35330,1.02E+11,10960000
UB,UB305x165x40,303,165,6,10.2,9,40.3,1.24,5132,85030000,128.7,560500,623100,7644000,38.6,92650,141700,147000,24500,1.64E+11,13560000
UB,UB305x165x46,307,166,6.7,11.8,9,46.1,1.247,5875,98990000,129.8,645700,720000,8957000,39,108100,165500,222000,33130,1.95E+11,15970000
UB,UB305x165x54,310,167,7.9,13.7,9,54,1.257,6877,117000000,130.4,753600,846100,10630000,39.3,127400,195600,348000,44050,2.34E+11,18900000
UB,UB356x171x45,351,171,7,9.7,13,45.4,1.351,5782,122000000,145.2,694100,782600,8114000,37.5,94840,146900,169000,24140,2.37E+11,16210000
UB,UB356x171x51,355,172,7.4,11.5,13,51.3,1.359,6540,142700000,147.7,803700,904000,9686000,38.5,113000,174600,251000,33920,2.86E+11,19420000
UB,UB356x171x57,358,172,8.1,13,13,57.3,1.367,7305,161700000,148.8,903200,1018000,11090000,39,128800,199100,349000,43090,3.3E+11,22220000
UB,UB356x171x67,363,173,9.1,15.7,13,67.5,1.38,8598,195900000,151,1078000,1219000,13620000,39.8,157300,243400,577000,63410,4.12E+11,27370000
UB,UB406x140x39,398,142,6.4,8.6,13,39.4,1.329,5015,126800000,159,637200,732800,4101000,28.6,57840,91200,116000,18120,1.55E+11,11230000
UB,UB406x140x46,403,142,6.8,11.2,13,46.4,1.34,5913,158600000,163.8,786500,896800,5384000,30.2,75720,118500,202000,29710,2.07E+11,14850000
UB,UB406x140x53,407,143,7.9,12.9,13,53.7,1.349,6844,184500000,164.2,907700,1040000,6350000,30.5,88620,139300,304000,38480,2.46E+11,17440000
UB,UB406x178x54,403,178,7.7,10.9,13,54.5,1.479,6944,188900000,164.9,938600,1064000,10220000,38.4,115000,178700,243000,31560,3.92E+11,22530000
UB,UB406x178x60,406,178,7.9,12.8,13,60.5,1.487,7701,217700000,168.1,1071000,1209000,12030000,39.5,135300,209400,348000,44050,4.66E+11,26620000
UB,UB406x178x67,409,179,8.8,14.3,13,67.5,1.495,8603,245000000,168.8,1197000,1355000,13650000,39.8,152700,237000,479000,54430,5.33E+11,30180000
UB,UB406x178x74,413,180,9.5,16,13,74.6,1.503,9500,274800000,170.1,1331000,1510000,15460000,40.3,172200,267400,649000,68320,6.08E+11,34150000
UB,UB406x178x85,417,182,10.9,18.2,13,85.6,1.518,10910,318700000,170.9,1528000,1742000,18310000,41,201300,313600,957000,87800,7.29E+11,40180000
UB,UB457x152x52,450,152,7.6,10.9,13,52.7,1.472,6714,215900000,179.3,959800,1106000,6453000,31,84680,133700,226000,29740,3.11E+11,18600000
UB,UB457x152x60,455,153,8.1,13.3,13,60.2,1.483,7672,257200000,183.1,1131000,1298000,7950000,32.2,104000,163400,354000,43700,3.87E+11,22940000
UB,UB457x152x67,458,154,9,15,13,67.5,1.491,8604,291400000,184,1273000,1463000,9129000,32.6,118700,187100,496000,55110,4.48E+11,26300000
UB,UB457x152x74,462,154,9.6,17,13,74.6,1.501,9497,328900000,186.1,1424000,1637000,10470000,33.2,135600,213600,682000,71040,5.18E+11,30160000
UB,UB457x152x82,466,155,10.5,18.9,13,82.4,1.51,10503,368100000,187.2,1580000,1822000,11850000,33.6,152600,240800,920000,87620,5.92E+11,34120000
UB,UB457x191x67,453,190,8.5,12.7,13,67.5,1.628,8600,296000000,185.5,1306000,1481000,14520000,41.1,153000,237700,387000,45530,7.05E+11,33700000
UB,UB457x191x74,457,190,9,14.5,13,74.7,1.636,9512,335400000,187.8,1468000,1663000,16720000,41.9,175600,272500,536000,59560,8.18E+11,38840000
UB,UB457x191x82,460,191,9.9,16,13,82.4,1.644,10497,372700000,188.4,1620000,1842000,18710000,42.2,195600,304300,714000,72120,9.22E+11,43420000
UB,UB457x191x89,463,192,10.5,17.7,13,89.7,1.652,11426,412300000,190,1780000,2024000,20900000,42.8,217800,338800,933000,88860,1.04E+12,48640000
UB,UB457x191x98,467,193,11.4,19.6,13,98.7,1.661,12575,459400000,191.1,1967000,2243000,23480000,43.2,243500,379400,1240000,108800,1.18E+12,54690000
UB,UB457x191x106,469,194,12.6,20.6,13,106.2,1.667,13524,490900000,190.5,2093000,2399000,25150000,43.1,259300,405900,1490000,118300,1.27E+12,58370000
UB,UB457x191x133,481,197,15.3,26.3,13,133.7,1.696,17033,640600000,193.9,2666000,3080000,33500000,44.3,340700,535300,2980000,194800,1.73E+12,77440000
UB,UB457x191x161,492,199,18,32,13,161.7,1.724,20604,800000000,197,3252000,3789000,42510000,45.4,426400,672500,5240000,291100,2.25E+12,98120000
UB,UB460x280x113,463,280,10.8,17.3,20,115.1,1.99,14658,567200000,196.7,2450000,2727000,63380000,65.8,452700,694000,1320000,122200,3.15E+12,101000000
UB,UB460x280x128,467,282,12.2,19.6,20,130.4,2.003,16617,648200000,197.5,2776000,3103000,73370000,66.4,520300,798900,1890000,154900,3.67E+12,116400000
UB,UB460x280x144,472,283,13.6,22.1,20,146.6,2.014,18670,737300000,198.7,3124000,3508000,83620000,66.9,591000,908600,2660000,195600,4.23E+12,132900000
UB,UB460x280x158,476,284,15,23.9,20,159.7,2.024,20342,807600000,199.2,3393000,3828000,91420000,67,643800,992000,3370000,224700,4.67E+12,145500000
UB,UB460x280x177,482,286,16.6,26.9,20,179.3,2.04,22838,921300000,200.9,3823000,4334000,105100000,67.8,735000,1134000,4730000,284900,5.44E+12,167200000
UB,UB460x280x193,489,283,17,30.5,20,195.3,2.042,24882,1035000000,203.9,4232000,4808000,115500000,68.1,815900,1257000,6410000,377100,6.07E+12,187100000
UB,UB460x280x213,495,285,18.5,33.5,20,214.7,2.059,27356,1154000000,205.4,4664000,5325000,129500000,68.8,909100,1402000,8430000,455700,6.9E+12,209800000
UB,UB460x280x235,501,287,20.6,36.6,20,236.8,2.074,30164,1285000000,206.4,5128000,5893000,144600000,69.2,1008000,1558000,11060000,536900,7.8E+12,234100000
UB,UB460x280x260,509,289,22.6,40.4,20,262,2.094,33372,1448000000,208.3,5690000,6579000,163000000,69.9,1128000,1747000,14790000,654400,8.95E+12,264400000
UB,UB460x280x286,517,291,24.4,44.4,20,287.6,2.115,36632,1622000000,210.4,6274000,7297000,183000000,70.7,1258000,1949000,19420000,795900,1.02E+13,296700000
UB,UB460x280x315,525,293,26.9,48.5,20,316.2,2.134,40278,1810000000,212,6894000,8075000,204100000,71.2,1393000,2165000,25370000,943100,1.16E+13,332300000
UB,UB533x165x66,525,165,8.9,11.4,13,65.7,1.67,8370,350300000,204.6,1335000,1561000,8588000,32,104000,166300,320000,35960,5.66E+11,26720000
UB,UB533x165x74,529,166,9.7,13.6,13,74.7,1.681,9519,410600000,207.7,1552000,1808000,10400000,33,125300,200000,479000,49380,6.91E+11,32320000
UB,UB533x165x85,535,166,10.3,16.5,13,84.8,1.693,10803,486300000,212.2,1818000,2107000,12750000,34.4,153100,243100,738000,71650,8.57E+11,39720000
UB,UB533x210x82,528,209,9.6,13.2,13,82.2,1.851,10469,475400000,213.1,1800000,2059000,20070000,43.8,192300,300400,515000,53650,1.33E+12,49460000
UB,UB533x210x92,533,209,10.1,15.6,13,92.1,1.861,11738,552300000,216.9,2072000,2360000,23890000,45.1,228300,355600,757000,74950,1.6E+12,59090000
UB,UB533x210x101,537,210,10.8,17.4,13,101,1.87,12867,615200000,218.7,2292000,2612000,26920000,45.7,256400,399400,1010000,93520,1.81E+12,66390000
UB,UB533x210x109,540,211,11.6,18.8,13,109,1.877,13887,668200000,219.4,2477000,2828000,29430000,46,279200,435800,1260000,108600,1.99E+12,72520000
UB,UB533x210x122,544,212,12.7,21.3,13,122,1.889,15540,760400000,221.2,2793000,3196000,33880000,46.7,319700,499700,1780000,140200,2.32E+12,83700000
UB,UB533x210x138,549,214,14.7,23.6,13,138.3,1.903,17612,860900000,221.1,3136000,3613000,38640000,46.8,361300,568400,2500000,170100,2.67E+12,95010000
UB,UB533x312x150,542,312,12.7,20.3,13,150.6,2.286,19180,1006000000,229.1,3710000,4142000,102900000,73.2,659300,1010000,2160000,170100,7.01E+12,172100000
UB,UB533x312x165,546,313,14,22.2,13,165.3,2.294,21058,1110000000,229.5,4064000,4555000,113600000,73.4,725800,1113000,2830000,202100,7.79E+12,190100000
UB,UB533x312x182,551,314,15.2,24.4,13,181.5,2.307,23115,1232000000,230.9,4475000,5030000,126700000,74,805500,1237000,3730000,245400,8.77E+12,211900000
UB,UB533x312x196,554,316,16.5,26.3,13,196.5,2.317,25033,1340000000,231.4,4837000,5457000,138500000,74.4,876700,1349000,4700000,284800,9.64E+12,231200000
UB,UB533x312x219,560,317,18.3,29.2,13,218.7,2.332,27859,1510000000,232.8,5389000,6109000,155900000,74.8,982300,1515000,6420000,350800,1.1E+13,261000000
UB,UB533x312x248,571,315,19,34.5,13,246.6,2.342,31411,1775000000,237.7,6217000,7062000,180000000,75.7,1143000,1759000,9770000,514200,1.3E+13,307700000
UB,UB533x312x272,577,320,21.1,37.6,13,273.2,2.371,34808,1986000000,238.9,6882000,7858000,206100000,77,1288000,1985000,12880000,610400,1.5E+13,347300000
UB,UB610x178x82,599,178,10,12.8,20,83.4,1.854,10628,574900000,232.6,1921000,2252000,12090000,33.7,136000,220100,570000,57000,1.04E+12,39920000
UB,UB610x178x92,603,179,10.9,15,20,93.8,1.865,11953,661900000,235.3,2196000,2569000,14390000,34.7,161000,260200,810000,74310,1.24E+12,47180000
UB,UB610x178x100,607,179,11.3,17.2,20,101.9,1.875,12983,741500000,239,2441000,2844000,16610000,35.8,185300,297900,1070000,94690,1.45E+12,54840000
UB,UB610x229x101,603,228,10.5,14.8,20,102.8,2.06,13097,774000000,243.1,2569000,2939000,29170000,47.2,256400,402500,867000,82570,2.52E+12,75350000
UB,UB610x229x113,608,228,11.1,17.3,20,114.6,2.071,14599,889400000,246.8,2927000,3338000,34370000,48.5,301200,471500,1230000,110800,2.99E+12,88790000
UB,UB610x229x125,612,229,11.9,19.6,20,126.7,2.082,16139,1002000000,249.2,3274000,3733000,39350000,49.4,343700,537800,1680000,141200,3.45E+12,101700000
UB,UB610x229x140,617,230,13.1,22.1,20,141.5,2.095,18025,1134000000,250.8,3674000,4200000,45090000,50,391700,613900,2330000,177900,3.99E+12,116500000
UB,UB610x305x149,612,305,11.8,19.7,20,150,2.386,19114,1267000000,257.5,4139000,4624000,93090000,69.8,610900,938600,2080000,176300,8.18E+12,181100000
UB,UB610x305x179,620,307,14.1,23.6,20,179.9,2.406,22918,1539000000,259.1,4962000,5578000,114100000,70.6,743100,1145000,3510000,248900,1.02E+13,222700000
UB,UB610x305x238,636,311,18.4,31.4,20,239,2.446,30442,2103000000,262.9,6616000,7517000,158400000,72.1,1017000,1576000,8030000,436400,1.45E+13,308200000
UB,UB610x324x155,611,324,12.7,19,20,156.5,2.458,19932,1306000000,255.9,4273000,4784000,107800000,73.6,665700,1024000,2100000,165400,9.45E+12,197100000
UB,UB610x324x174,616,325,14,21.6,20,175.9,2.47,22403,1487000000,257.7,4829000,5418000,123800000,74.3,761600,1173000,2980000,212900,1.09E+13,225700000
UB,UB610x324x195,622,327,15.4,24.4,20,197.3,2.487,25128,1695000000,259.7,5449000,6130000,142400000,75.3,871100,1343000,4180000,271400,1.27E+13,260000000
UB,UB610x324x217,628,328,16.5,27.7,20,219.5,2.501,27962,1924000000,262.3,6126000,6903000,163200000,76.4,995000,1533000,5860000,355200,1.47E+13,298600000
UB,UB610x324x241,635,329,17.9,31,20,243.3,2.516,30998,2170000000,264.6,6835000,7726000,184300000,77.1,1121000,1728000,8020000,448000,1.68E+13,338200000
UB,UB610x324x262,641,327,19,34,20,262.7,2.518,33466,2376000000,266.4,7412000,8405000,198500000,77,1214000,1874000,10280000,541100,1.83E+13,368800000
UB,UB610x324x285,647,329,20.6,37.1,20,287,2.534,36555,2623000000,267.9,8108000,9231000,220700000,77.7,1342000,2074000,13290000,645100,2.05E+13,408700000
UB,UB610x324x307,653,330,22.1,39.9,20,308.9,2.547,39345,2852000000,269.3,8736000,9985000,239600000,78,1452000,2248000,16460000,744800,2.25E+13,444800000
UB,UB610x324x341,661,333,24.4,43.9,20,342,2.571,43567,3198000000,271,9678000,11120000,271000000,78.9,1627000,2525000,21960000,900000,2.58E+13,502200000
UB,UB610x324x372,669,335,26.4,48,20,373.9,2.591,47631,3548000000,272.9,10610000,12250000,301800000,79.6,1802000,2799000,28500000,1080000,2.91E+13,559500000
UB,UB686x254x125,678,253,11.7,16.2,20,126.3,2.31,16093,1194000000,272.4,3524000,4040000,43850000,52.2,346700,544100,1240000,106000,4.8E+12,114700000
UB,UB686x254x140,684,254,12.4,19,20,141.2,2.323,17988,1377000000,276.7,4030000,4604000,51860000,53.7,408800,639900,1790000,144400,5.72E+12,135700000
UB,UB686x254x152,688,254,13.2,21,20,153.5,2.332,19553,1518000000,278.6,4416000,5046000,57860000,54.4,454700,712000,2310000,175000,6.43E+12,151600000
UB,UB686x254x170,693,256,14.5,23.7,20,171.4,2.346,21828,1718000000,280.5,4958000,5677000,66330000,55.1,518600,813300,3220000,222100,7.43E+12,173600000
UB,UB762x267x134,750,264,12,15.5,20,134.8,2.499,17168,1521000000,297.6,4055000,4683000,47900000,52.8,362300,571300,1250000,104200,6.46E+12,133100000
UB,UB762x267x147,754,265,12.8,17.5,20,147.8,2.509,18829,1699000000,300.4,4506000,5194000,54570000,53.8,411600,648600,1660000,129700,7.4E+12,151500000
UB,UB762x267x161,758,266,13.8,19.3,20,161.2,2.518,20539,1873000000,301.9,4941000,5700000,60750000,54.4,456800,720900,2150000,155800,8.29E+12,168800000
UB,UB762x267x173,762,267,14.3,21.6,20,173.9,2.528,22147,2067000000,305.5,5422000,6236000,68520000,55.6,513800,808900,2770000,193700,9.4E+12,190400000
UB,UB762x267x185,766,267,14.9,23.6,20,185.7,2.536,23656,2241000000,307.8,5852000,6724000,75120000,56.4,562700,885200,3430000,230200,1.04E+13,209900000
UB,UB762x267x197,770,268,15.6,25.4,20,197.6,2.546,25174,2413000000,309.6,6270000,7205000,81770000,57,610200,960100,4170000,267300,1.13E+13,226600000
UB,UB838x292x176,835,292,14,18.8,20,176.4,2.774,22473,2471000000,331.6,5920000,6836000,78000000,58.9,534800,842800,2270000,162100,1.3E+13,218400000
UB,UB838x292x194,841,292,14.7,21.7,20,194.3,2.787,24754,2803000000,336.5,6668000,7668000,90680000,60.5,620200,974800,3120000,212200,1.52E+13,253900000
UB,UB838x292x210,846,293,15.4,24.4,20,211.3,2.799,26919,3117000000,340.3,7369000,8456000,102600000,61.7,700300,1099000,4130000,268200,1.73E+13,287500000
UB,UB838x292x226,851,294,16.1,26.8,20,227.1,2.81,28928,3408000000,343.2,8010000,9183000,113600000,62.7,773400,1213000,5220000,324200,1.93E+13,318800000
UB,UB914x305x201,903,303,15.1,20.2,19,200.9,2.956,25592,3253000000,356.5,7204000,8351000,94230000,60.7,621400,982000,2910000,192700,1.84E+13,274900000
UB,UB914x305x224,910,304,15.9,23.9,19,224.2,2.973,28564,3764000000,363,8269000,9535000,112400000,62.7,739000,1163000,4220000,265400,2.21E+13,327900000
UB,UB914x305x239,915,305,16.5,25.9,19,238.3,2.984,30355,4065000000,365.9,8885000,10230000,122900000,63.6,805600,1267000,5150000,312100,2.43E+13,358400000
UB,UB914x305x253,918,306,17.3,27.9,19,253.4,2.991,32283,4363000000,367.6,9501000,10940000,133000000,64.2,870800,1371000,6260000,361800,2.64E+13,388200000
UB,UB914x305x271,923,307,18.4,30,19,271.7,3.004,34612,4716000000,369.1,10220000,11780000,145200000,64.8,945800,1491000,7700000,418500,2.89E+13,421700000
UB,UB914x305x289,927,308,19.5,32,19,289.1,3.012,36827,5042000000,370,10880000,12570000,156000000,65.1,1014000,1601000,9260000,474900,3.12E+13,453400000
UB,UB914x305x313,932,309,21.1,34.5,19,312.8,3.025,39843,5483000000,371,11770000,13630000,170400000,65.4,1103000,1748000,11620000,550700,3.43E+13,494700000
UB,UB914x419x343,912,418,19.4,32,24,343.3,3.417,43730,6258000000,378.3,13730000,15480000,391600000,94.6,1871000,2890000,11930000,614900,7.58E+13,823500000
UB,UB914x419x365,916,419,20.3,34.3,24,364.8,3.428,46472,6711000000,380,14650000,16540000,422400000,95.3,2015000,3112000,14420000,710300,8.21E+13,888100000
UB,UB914x419x388,921,420,21.4,36.6,24,388,3.44,49422,7196000000,381.6,15630000,17670000,454400000,95.9,2161000,3341000,17340000,810300,8.89E+13,956200000
UB,UB1016x305x222,970,300,16,21.1,30,222,3.057,28282,4080000000,379.8,8409000,9807000,95460000,58.1,636400,1020000,3900000,243800,2.15E+13,302000000
UB,UB1016x305x249,980,300,16.5,26,30,248.7,3.076,31686,4812000000,389.7,9819000,11350000,117500000,60.9,783600,1245000,5820000,352700,2.68E+13,374500000
UB,UB1016x305x272,990,300,16.5,31,30,272.3,3.096,34686,5540000000,399.6,11190000,12830000,140000000,63.5,933600,1470000,8350000,506100,3.22E+13,447600000
UB,UB1016x305x314,1000,300,19.1,35.9,30,314.3,3.11,40039,6441000000,401.1,12880000,14850000,162300000,63.7,1082000,1713000,12640000,661800,3.77E+13,521400000
UB,UB1016x305x349,1008,302,21.1,40,30,349.4,3.13,44515,7231000000,403,14350000,16590000,184600000,64.4,1223000,1941000,17180000,814200,4.33E+13,592400000
UB,UB1016x305x393,1016,303,24.4,43.9,30,392.7,3.143,50022,8075000000,401.8,15900000,18540000,205000000,64,1353000,2168000,23300000,954900,4.84E+13,657300000
UB,UB1016x305x437,1026,305,26.9,49,30,437,3.168,55668,9103000000,404.4,17740000,20770000,234500000,64.9,1535000,2469000,31850000,1184000,5.6E+13,750700000
UB,UB1016x305x487,1036,308,30,54.1,30,486.7,3.195,61995,10220000000,406,19720000,23210000,267200000,65.7,1732000,2800000,42990000,1433000,6.44E+13,850100000
UC,UC152x152x23,152,152,5.8,6.8,8,23,0.889,2925,12500000,65.4,164000,182000,3999000,37,52550,80160,46300,7983,21200000000,3827000
UC,UC152x152x30,158,153,6.5,9.4,8,30,0.901,3826,17480000,67.6,221800,247700,5605000,38.3,73310,111600,105000,16150,30800000000,5437000
UC,UC152x152x37,162,154,8,11.5,8,37,0.912,4711,22100000,68.5,273200,308800,7062000,38.7,91480,139600,192000,24000,39900000000,6877000
UC,UC152x152x44,166,156,9.5,13.6,8,44,0.924,5609,27030000,69.4,325700,372200,8601000,39.2,110300,168700,317000,33370,49900000000,8401000
UC,UC152x152x51,170,157,11,15.7,8,51.2,0.935,6519,32270000,70.4,379200,438100,10220000,39.6,129900,199000,488000,44360,61000000000,10030000
UC,UC203x203x46,203,204,7.2,11,13,46.5,1.185,5922,46050000,88.2,453200,501700,15490000,51.1,152100,231200,233000,32360,1.43E+11,14620000
UC,UC203x203x52,206,204,7.9,12.5,13,52.4,1.192,6677,52960000,89.1,513700,571700,17780000,51.6,174100,264600,332000,42030,1.67E+11,16880000
UC,UC203x203x60,210,206,9.4,14.2,13,60.3,1.202,7686,61620000,89.5,587900,660300,20650000,51.8,200700,305800,491000,52230,1.97E+11,19600000
UC,UC203x203x71,216,206,10,17.3,13,71.4,1.215,9092,76550000,91.8,709500,803000,25380000,52.8,245900,374100,827000,82700,2.5E+11,24410000
UC,UC203x203x86,222,209,12.7,20.5,13,86.5,1.234,11013,94860000,92.8,853800,981000,31280000,53.3,299200,456700,1400000,110200,3.18E+11,30160000
UC,UC203x203x100,229,210,14.5,23.7,13,100,1.248,12734,113300000,94.3,991700,1152000,36800000,53.8,350000,535000,2140000,147600,3.86E+11,35830000
UC,UC203x203x113,235,212,16.3,26.9,13,113.8,1.264,14503,133400000,95.9,1135000,1333000,42860000,54.4,404200,618600,3110000,190800,4.64E+11,42050000
UC,UC203x203x127,241,214,18.1,30.1,13,127.9,1.28,16295,154700000,97.4,1282000,1521000,49210000,55,460100,705100,4350000,240300,5.49E+11,48590000
UC,UC254x254x73,254,255,8.6,14.2,20,74.7,1.475,9515,116400000,110.6,916400,1014000,39100000,64.1,307200,467400,661000,76860,5.63E+11,36870000
UC,UC254x254x81,256,255,9.4,15.6,20,81.7,1.479,10412,128000000,110.9,1000000,1112000,43160000,64.4,338500,515300,854000,90850,6.24E+11,40720000
UC,UC254x254x89,260,256,10.3,17.3,20,90.6,1.491,11536,145000000,112.1,1114000,1246000,48600000,64.9,379300,577500,1140000,110700,7.17E+11,46050000
UC,UC254x254x101,264,257,11.9,19.6,20,102.8,1.498,13093,166000000,112.6,1258000,1418000,55520000,65.1,432100,658800,1630000,137000,8.29E+11,52790000
UC,UC254x254x107,267,259,12.8,20.5,20,108.7,1.509,13843,177500000,113.2,1331000,1506000,59310000,65.5,458300,699500,1880000,146900,8.99E+11,56440000
UC,UC254x254x115,269,259,13.5,22.1,20,116.4,1.513,14826,191700000,113.7,1425000,1621000,64090000,65.7,494900,755300,2310000,171100,9.77E+11,61110000
UC,UC254x254x132,276,261,15.3,25.3,20,133.6,1.533,17018,227600000,115.7,1648000,1891000,75350000,66.5,576700,881100,3410000,222900,1.19E+12,72580000
UC,UC254x254x149,282,263,17.3,28.4,20,150.5,1.547,19178,261700000,116.8,1856000,2151000,86270000,67.1,656000,1004000,4790000,276900,1.39E+12,83360000
UC,UC254x254x167,289,265,19.2,31.7,20,168.7,1.566,21490,302300000,118.6,2092000,2446000,98750000,67.8,744700,1140000,6610000,344300,1.64E+12,96100000
UC,UC305x305x97,308,305,9.9,15.4,20,98,1.783,12490,225000000,134.2,1462000,1611000,73100000,76.5,478800,727700,984000,99390,1.56E+12,69880000
UC,UC305x305x107,311,306,10.9,17,20,108.1,1.79,13767,250500000,134.9,1611000,1784000,81250000,76.8,531100,807500,1300000,119300,1.76E+12,78250000
UC,UC305x305x118,314,307,12,18.7,20,119,1.8,15165,279300000,135.7,1776000,1977000,90610000,77.3,589600,897100,1710000,142500,1.98E+12,87100000
UC,UC305x305x129,318,308,13.1,20.6,20,130.8,1.807,16659,310400000,136.5,1952000,2184000,100400000,77.6,652000,992800,2240000,171000,2.22E+12,96940000
UC,UC305x305x137,320,309,13.8,21.7,20,138.1,1.816,17587,330700000,137.1,2064000,2316000,107000000,78,692300,1054000,2610000,189100,2.39E+12,103500000
UC,UC305x305x143,323,309,14,22.9,20,144.3,1.82,18376,350300000,138.1,2169000,2439000,112700000,78.3,729600,1111000,3000000,214300,2.54E+12,109600000
UC,UC305x305x158,327,311,15.8,25,20,159.2,1.833,20282,390000000,138.7,2385000,2700000,125700000,78.7,808000,1232000,3940000,249400,2.87E+12,122100000
UC,UC305x305x179,333,313,18,28.1,20,179.9,1.848,22916,448000000,139.8,2690000,3072000,143800000,79.2,918900,1404000,5580000,310000,3.34E+12,140000000
UC,UC305x305x198,340,314,19.1,31.4,20,199.3,1.865,25387,511600000,142,3010000,3459000,163000000,80.1,1037000,1583000,7580000,396900,3.88E+12,160000000
UC,UC305x305x202,341,315,20.1,31.8,20,203.7,1.867,25953,522500000,141.9,3064000,3530000,165900000,80,1053000,1611000,8000000,398000,3.97E+12,163000000
UC,UC305x305x226,348,317,22.1,35.6,20,227.9,1.885,29031,598300000,143.6,3438000,3995000,189300000,80.8,1195000,1828000,11090000,501800,4.62E+12,186600000
UC,UC305x305x240,352,318,23,37.7,20,241.2,1.898,30724,644600000,144.8,3657000,4266000,203200000,81.3,1276000,1953000,13070000,568300,5.03E+12,200700000
UC,UC305x305x253,356,319,24.4,39.6,20,254,1.905,32362,684900000,145.5,3848000,4510000,214700000,81.4,1346000,2062000,15170000,621700,5.37E+12,212800000
UC,UC305x305x283,365,322,26.8,44.1,20,284.1,1.931,36188,791300000,147.9,4332000,5124000,246400000,82.5,1530000,2345000,20840000,777600,6.36E+12,245800000
UC,UC356x368x129,356,369,10.4,17.5,20,130.1,2.13,16579,405900000,156.5,2283000,2502000,146100000,93.9,792900,1201000,1610000,154800,4.18E+12,134200000
UC,UC356x368x134,356,369,11.2,18,20,135.1,2.131,17211,418700000,156,2352000,2585000,150800000,93.6,817400,1239000,1770000,158000,4.31E+12,138200000
UC,UC356x368x147,360,370,12.3,19.8,20,148.6,2.141,18936,466500000,157,2591000,2861000,167200000,94,904000,1371000,2330000,189400,4.84E+12,153800000
UC,UC356x368x153,362,370,12.3,20.7,20,154.1,2.147,19625,489400000,157.9,2704000,2987000,175600000,94.6,947700,1437000,2610000,212200,5.11E+12,161600000
UC,UC356x368x162,364,371,13.3,21.8,20,163.1,2.151,20780,519000000,158,2851000,3162000,185600000,94.5,1001000,1518000,3070000,230800,5.43E+12,171100000
UC,UC356x368x177,368,373,14.4,23.8,20,178.2,2.164,22696,574600000,159.1,3121000,3478000,205300000,95.1,1102000,1673000,3960000,275000,6.09E+12,189800000
UC,UC356x368x179,368,374,15,23.9,20,180.7,2.168,23024,579400000,158.6,3149000,3514000,208500000,95.2,1115000,1694000,4070000,271300,6.17E+12,191800000
UC,UC356x368x196,372,374,16.4,26.2,20,197.7,2.173,25182,639900000,159.4,3440000,3861000,228600000,95.3,1223000,1858000,5310000,323800,6.83E+12,211200000
UC,UC356x368x202,375,375,16.5,27,20,203.1,2.181,25867,666100000,160.5,3556000,3994000,236900000,95.7,1265000,1922000,5760000,349100,7.16E+12,219900000
UC,UC356x406x216,375,394,17.3,27.7,20,217.4,2.257,27700,714900000,160.7,3813000,4285000,282600000,101,1434000,2178000,6520000,376900,8.52E+12,249100000
UC,UC356x406x235,381,395,18.4,30.2,20,236.2,2.27,30088,794300000,162.5,4170000,4709000,310000000,101.5,1570000,2385000,8340000,453300,9.54E+12,275500000
UC,UC356x406x262,387,398,21.1,33.3,20,263.8,2.289,33611,897600000,163.4,4639000,5283000,350200000,102.1,1760000,2678000,11340000,537400,1.1E+13,312600000
UC,UC356x406x287,394,399,22.6,36.5,20,288.2,2.304,36716,1002000000,165.2,5093000,5835000,386800000,102.6,1939000,2952000,14740000,652200,1.23E+13,345300000
UC,UC356x406x314,399,401,24.9,39.6,20,314.5,2.318,40066,1106000000,166.1,5543000,6397000,426100000,103.1,2125000,3239000,18910000,759400,1.38E+13,383000000
UC,UC356x406x340,406,403,26.6,42.9,20,341.1,2.337,43449,1229000000,168.2,6048000,7021000,468600000,103.9,2326000,3546000,23910000,898900,1.55E+13,423200000
UC,UC356x406x347,407,404,27.2,43.7,20,348.1,2.341,44346,1253000000,168.1,6157000,7162000,480900000,104.1,2381000,3632000,25320000,930900,1.59E+13,433300000
UC,UC356x406x382,416,406,29.8,48,20,383.5,2.362,48855,1417000000,170.3,6811000,7988000,536200000,104.8,2642000,4034000,33480000,1123000,1.82E+13,487300000
UC,UC356x406x393,419,407,30.6,49.2,20,394.1,2.37,50203,1470000000,171.1,7015000,8245000,553700000,105,2721000,4157000,36110000,1180000,1.89E+13,502300000
UC,UC356x406x421,425,409,32.8,52.6,20,422.8,2.386,53860,1599000000,172.3,7526000,8904000,600900000,105.6,2938000,4493000,44170000,1347000,2.08E+13,546200000
UC,UC356x406x467,437,412,35.8,58,20,468.1,2.416,59636,1833000000,175.3,8399000,10020000,678400000,106.7,3292000,5038000,59050000,1649000,2.43E+13,622800000
UC,UC356x406x509,446,416,39.1,62.7,20,510.6,2.443,65045,2049000000,177.5,9188000,11060000,754100000,107.7,3626000,5556000,75140000,1922000,2.77E+13,694900000
UC,UC356x406x551,456,418,42.1,67.5,20,552.2,2.467,70338,2273000000,179.8,9977000,12100000,826800000,108.4,3951000,6062000,93810000,2228000,3.11E+13,765900000
UC,UC356x406x592,465,421,45,72.3,20,593.8,2.49,75638,2505000000,182,10770000,13160000,901800000,109.2,4284000,6579000,115300000,2562000,3.48E+13,842000000
UC,UC356x406x634,475,424,47.6,77,20,635.1,2.516,80900,2752000000,184.4,11600000,14260000,981400000,110.1,4629000,7113000,139200000,2924000,3.88E+13,920600000
UBP,UBP203x203x45,200,206,9.5,9.5,10,44.9,1.187,5723,41000000,84.6,409600,458900,13840000,49.2,134400,206100,192000,20210,1.26E+11,12840000
UBP,UBP203x203x54,204,208,11.3,11.4,10,53.9,1.199,6872,50270000,85.5,492800,556700,17050000,49.8,164200,252400,327000,28940,1.58E+11,15800000
UBP,UBP254x254x63,247,257,10.6,10.7,20,64.6,1.465,8227,90970000,105.2,736300,821300,30190000,60.6,235300,362000,411000,38770,4.22E+11,27830000
UBP,UBP254x254x71,250,258,12,12,20,72.6,1.473,9244,103100000,105.6,825600,926000,34420000,61,266800,411100,565000,47080,4.86E+11,31700000
UBP,UBP254x254x85,254,260,14.4,14.3,20,86.7,1.487,11041,125200000,106.5,984700,1114000,42190000,61.8,324000,500500,926000,64310,6.08E+11,38910000
UBP,UBP305x305x79,299,306,11,11.1,20,80,1.768,10194,167000000,128,1116000,1237000,53290000,72.3,347800,532800,522000,47450,1.11E+12,50280000
UBP,UBP305x305x88,302,308,12.4,12.3,20,89.1,1.775,11351,186800000,128.3,1238000,1380000,59870000,72.6,389000,597000,703000,56690,1.25E+12,56130000
UBP,UBP305x305x95,304,309,13.3,13.3,20,96.1,1.781,12240,203000000,128.8,1337000,1494000,65310000,73,423100,649800,869000,65340,1.38E+12,61580000
UBP,UBP305x305x110,308,311,15.3,15.4,20,111.1,1.794,14153,238200000,129.7,1547000,1739000,77120000,73.8,496400,763700,1310000,85620,1.65E+12,72620000
UBP,UBP305x305x126,312,313,17.5,17.6,20,127.2,1.807,16207,276600000,130.6,1772000,2005000,90050000,74.5,575600,887300,1930000,110300,1.96E+12,85020000
UBP,UBP305x305x149,318,316,20.6,20.7,20,150.2,1.825,19134,333200000,132,2092000,2389000,109100000,75.5,690800,1068000,3100000,150500,2.42E+12,102900000
UBP,UBP305x305x186,328,321,25.5,25.6,2,184.5,1.886,23500,422500000,134.1,2574000,2977000,141400000,77.6,881100,1363000,5200000,203900,3.24E+12,133400000
UBP,UBP305x305x223,338,326,30.3,30.4,20,224.1,1.884,28542,529500000,136.2,3134000,3672000,175800000,78.5,1080000,1683000,9770000,322400,4.16E+12,166100000
UBP,UBP356x368x109,346,371,12.8,12.9,20,110,2.117,14019,309800000,148.7,1789000,1979000,109900000,88.5,592400,904600,912000,71250,3.06E+12,98930000
UBP,UBP356x368x133,352,374,15.6,15.7,20,134.1,2.134,17082,383300000,149.8,2178000,2428000,136800000,89.5,732100,1121000,1600000,102600,3.87E+12,123100000
UBP,UBP356x368x152,356,376,17.8,17.9,20,153.2,2.147,19511,443200000,150.7,2487000,2789000,158800000,90.2,844700,1295000,2350000,132000,4.55E+12,143000000
UBP,UBP356x368x174,361,378,20.3,20.4,20,175,2.162,22294,513500000,151.8,2842000,3208000,184700000,91,975800,1499000,3450000,170000,5.37E+12,166400000
